id,text,category
-OY04XVHntk9JZKXRYDE,scaled_1000055321.jpg,unclear_insufficient_info
-OY0piHPmDUMudmM9f_s,Screenshot_20250819-154440.jpg scaled_1000278347.jpg,unclear_insufficient_info
-OY1ASqCSZwIDgLGLsXO,Screenshot_20250819_172348.jpg,unclear_insufficient_info
-OY1DPY-PRJ1rmkIFmr3,Screenshot_2025-08-19-17-36-48-77_8c6ef806cec84a986bc714a6285db756.jpg,unclear_insufficient_info
-OY1FLjmZacrnPioXCee,Screenshot_2025-08-19-17-45-12-708_com.wheelocity.wow_customer_pos.jpg,unclear_insufficient_info
-OY1NHo9N9RoeP8i7md3,Screenshot_20250819_181556.jpg,unclear_insufficient_info
-OY1yNqiZE1o6Re8Jq_i,Screenshot_2025-08-19-21-06-19-454_com.wheelocity.wow_customer_pos.jpg,unclear_insufficient_info
-OY1y_srIoMsopT9mpxh,Screenshot_20250819_210718_WoW.jpg,unclear_insufficient_info
-OY202US2xZbM61lwH3t,"today my sell amount is 1750 but this app give only 1150 so my sell amount is 1750 .
And coins I am collet 4556 coins today but this app give 3112 only so give my coins 4556 and sell amount 1750 , pls Screenshot_2025-08-19-21-13-09-129_com.wheelocity.wow_customer_pos.jpg",unclear_insufficient_info
-OY23JBgs5UsPNMyw3CN,Screenshot_2025-08-19-21-32-08-21_8c6ef806cec84a986bc714a6285db756.jpg,unclear_insufficient_info
-OY2Kr5pjIPqCnMKE4oj,"please add my all earnings,
please add amount of earnings.  Screenshot_2025-08-19-22-47-23-988_com.wheelocity.wow_customer_pos.jpg",feature_requests
-OY3R0mxCVOa7vkiGELw,Screenshot_2025-08-20-03-55-29-652_com.wheelocity.wow_customer_pos.jpg,unclear_insufficient_info
-OY3Veb4x_0U1vbR7OW-,Screenshot_2025-08-20-04-15-32-289_com.wheelocity.wow_customer_pos.jpg,unclear_insufficient_info
-OY3dFobW3eaqJdYG_4N,Screenshot_20250820_045312_WoW.jpg,unclear_insufficient_info
-OY3dLJbeJWb2j_79tQI,Screenshot_20250820_045338_WoW.jpg,unclear_insufficient_info
-OY3dNID5pCuS_a8-iZD,Screenshot_20250820-045343.png,unclear_insufficient_info
-OY3erC0hwDwIWnO_UXp,damage  Screenshot_20250820-045958.jpg,unclear_insufficient_info
-OY3iEOhQ6rxiFFZJImj,Screenshot_20250820_051508.jpg,unclear_insufficient_info
-OY3jfgS5qh9-XhT3scP,Screenshot_20250820-052118.jpg,unclear_insufficient_info
-OY3n-qgp-Qa69OR5ECO,Screenshot_2025_0820_053554.jpg,unclear_insufficient_info
-OY3owxoYfye9t-j7HBs,‡Æé‡Æ≤‡Øç‡Æ≤‡Ææ‡ÆÆ‡Øá ‡Æ∞‡Øá‡Æü‡Øç ‡ÆÖ‡Æ§‡Æø‡Æï‡ÆÆ‡Ææ ‡Æá‡Æ∞‡ØÅ‡Æï‡Øç‡Æï‡ØÅ ‡Æï‡Æ∏‡Øç‡Æü‡ÆÆ‡Æ∞‡Øç ‡Æï‡Øá‡Æï‡Øç‡Æï‡ØÅ‡ÆÆ‡Øç‡Æ™‡Øã‡Æ§‡ØÅ ‡Æé‡Æô‡Øç‡Æï‡Æ≥‡Ææ‡Æ≤ ‡Æ™‡Æ§‡Æø‡Æ≤‡Øç ‡Æ™‡Øá‡Æö ‡ÆÆ‡ØÅ‡Æü‡Æø‡ÆØ‡Æ≤ ‡Æï‡Æü‡Øà‡Æï‡Æ≥‡Øç‡Æ≥ ‡Æµ‡Æø‡Æï‡Øç‡Æï‡Æø‡Æ± ‡Æ∞‡Øá‡Æü‡Øç‡Æü‡Øã‡Æü ‡Æâ‡Æô‡Øç‡Æï ‡Æï‡Æø‡Æü‡Øç‡Æü ‡Æ∞‡Øá‡Æü‡Øç ‡ÆÖ‡Æ§‡Æø‡Æï‡ÆÆ‡Ææ ‡Æá‡Æ∞‡ØÅ‡Æï‡Øç‡Æï‡ØÅ ‡ÆÖ‡Æ™‡Øç‡Æ™‡Æü‡Æø‡Æ©‡Øç‡Æ©‡ØÅ ‡Æö‡Øä‡Æ≤‡Øç‡Æ±‡Ææ‡Æô‡Øç‡Æï ‡Æ®‡Ææ‡Æô‡Øç‡Æï ‡Æé‡Æ©‡Øç‡Æ© ‡Æ™‡Æ£‡Øç‡Æ±‡Æ§‡ØÅ ‡Æö‡Øä‡Æ≤‡Øç‡Æ≤‡ØÅ‡Æô‡Øç‡Æï  Screenshot_2025-08-20-05-40-29-12_8c6ef806cec84a986bc714a6285db756.jpg scaled_1001950931.jpg,unclear_insufficient_info
-OY3sGQLQ_5VyHT7K1Zv,Screenshot_2025_0820_055856.jpg,unclear_insufficient_info
-OY3t2YgQPp7t-dJ94tt,Screenshot_2025-08-20-06-02-00-68_8c6ef806cec84a986bc714a6285db756.jpg,unclear_insufficient_info
-OY3vV8Q0QWGqxJqWwH6,,unclear_insufficient_info
-OY3w9kBHXWEelXWTqLS,‡Æï‡Ææ‡ÆØ‡Øç ‡Æï‡ØÅ‡Æµ‡Ææ‡Æ≤‡Æø‡Æü‡Øç‡Æü‡Æø ‡Æö‡Æ∞‡Æø‡ÆØ‡Æø‡Æ≤‡Øç‡Æ≤‡Øà Screenshot_2025-08-20-06-15-23-18_8c6ef806cec84a986bc714a6285db756.jpg scaled_1000003884.jpg,unclear_insufficient_info
-OY4-X6DuBo9WQd1qQjd,Screenshot_20250820_063502.jpg,unclear_insufficient_info
-OY40Tlm5GR2ifvmOW4K,Screenshot_20250820_063907.jpg,unclear_insufficient_info
-OY414w6R6LJdtj0f_9J,Screenshot_2025-08-20-06-41-44-660_com.wheelocity.wow_customer_pos-edit.jpg,unclear_insufficient_info
-OY441XmJFt-H2H_txOO,Screenshot_20250820_065417.jpg,unclear_insufficient_info
-OY456U2R0t5Ds_n5lWC,,unclear_insufficient_info
-OY4F7xfwcvv0ZGaZBjh,ha Screenshot_20250820_074257.jpg,unclear_insufficient_info
-OY4IVoERYBV_TsGqhZ7,Screenshot_20250820_075754_Truecaller.jpg,unclear_insufficient_info
-OY4Ptdc2knd86MI6w_q,Screenshot_20250820_083013.jpg,unclear_insufficient_info
-OY4i66A5j7-HDjdiTw9,Screenshot_20250820-095412.jpg,unclear_insufficient_info
-OY4jo0R1OuBAZs295wj,ok Screenshot_20250820_100127.jpg,unclear_insufficient_info
-OY4osdknBLzSVJM6Pp5,Screenshot_20250820-102337.png,unclear_insufficient_info
-OY68P8cy_hR1G85Bck7,Screenshot_20250820_163254_WoW.jpg scaled_1000129667.jpg,unclear_insufficient_info
-OY6aAU6sGGTNyfxpaVq,Screenshot_20250820-183849.jpg,unclear_insufficient_info
-OY6j1LKFDAnANaTqWe7,Screenshot_20250820-191657.jpg,unclear_insufficient_info
-OY6jrGPYpVwFRtzqoxf,1st point not  Screenshot_2025-08-20-19-20-50-59_8c6ef806cec84a986bc714a6285db756.jpg,unclear_insufficient_info
-OY7D4odswzXEDA1zTSm,Screenshot_20250820-213310.jpg,unclear_insufficient_info
-OY8pywZxlX-1TM9ZWVw,Screenshot_2025-08-21-05-06-16-24.jpg,unclear_insufficient_info
-OY8xmJinkc_O4D-FuWa,Screenshot_2025-08-21-05-41-10-742_com.wheelocity.wow_customer_pos.jpg,unclear_insufficient_info
-OY8yNdYIiLdpiaJSPoj,Screenshot_2025-08-21-05-42-51-93_8c6ef806cec84a986bc714a6285db756.jpg,unclear_insufficient_info
-OY8ybR0yFAdr5DPg7kZ,Screenshot_20250821-054448.jpg,unclear_insufficient_info
-OY9-BTEp0UMgmSsewrk,not show than price value  Screenshot_20250821_055124.jpg,unclear_insufficient_info
-OY90GF5HV2QzBi2AP1t,sell bil resrt offline  Screenshot_20250821-055558.WoW.png,unclear_insufficient_info
-OY90GuCfAGpf0q7mAfJ,Screenshot_20250821-055620.WoW.png,unclear_insufficient_info
-OY91uULcEVGj-NuV_zE,,unclear_insufficient_info
-OY92-1KbTNtMTA5jyGO,Screenshot_20250821-060343_WoW.jpg,unclear_insufficient_info
-OY921ez-T4rN-LzLeKm,sale amount invincible  Screenshot_2025-08-21-06-03-44-289_com.wheelocity.wow_customer_pos.jpg,unclear_insufficient_info
-OY92BmhT508tsrLJWwt,app not opening  Screenshot_2025-08-21-06-04-35-007_com.wheelocity.wow_customer_pos.jpg scaled_1001408813.jpg,unclear_insufficient_info
-OY92C66bMY5cWVTd5a9,app not working  Screenshot_2025-08-21-06-03-48-07_8c6ef806cec84a986bc714a6285db756.jpg scaled_1000247701.jpg,unclear_insufficient_info
-OY92Y0ZCoMaKEMBE1vQ,Screenshot_2025-08-21-06-06-15-485_com.wheelocity.wow_customer_pos.jpg scaled_34369.jpg,unclear_insufficient_info
-OY92mDhEwpWs93F6O2a,why this problem showing my app Screenshot_2025-08-21-06-06-50-82_8c6ef806cec84a986bc714a6285db756.jpg scaled_1000416660.jpg,unclear_insufficient_info
-OY92pxNCQR0IPkqXxbc,hi Screenshot_2025-08-21-06-07-17-93_8c6ef806cec84a986bc714a6285db756.jpg,unclear_insufficient_info
-OY92vUXsxTuJ9ydy3TL,Screenshot_2025-08-21-06-07-46-72_8c6ef806cec84a986bc714a6285db756.jpg scaled_1000096416.jpg,unclear_insufficient_info
-OY93BlTJAuo0frKy_my,can't open app scaled_1000004843.jpg,unclear_insufficient_info
-OY93Clt1Akuf0maT9M_,how to sale some issue  Screenshot_2025-08-21-06-08-27-30_8c6ef806cec84a986bc714a6285db756.jpg scaled_1000035314.jpg scaled_1000035314.jpg,unclear_insufficient_info
-OY93KVwoZAvegl3pT-Y,Screenshot_2025-08-21-06-09-41-34_8c6ef806cec84a986bc714a6285db756.jpg scaled_1000124210.jpg,unclear_insufficient_info
-OY93TmLYsHzTgIbthXl,sale option not open Screenshot_2025-08-21-06-09-53-44_8c6ef806cec84a986bc714a6285db756.jpg,unclear_insufficient_info
-OY93VKe5Yo0ymFqOXrO,Screenshot_2025-08-21-06-10-32-176_com.wheelocity.wow_customer_pos.jpg,unclear_insufficient_info
-OY93cp-I68cNAAywfPI,sales automatic our scaled_1000021848.png,unclear_insufficient_info
-OY93gqLg6vt1D3_ADh7,App does not work properly Screenshot_2025-08-21-06-11-04-296_com.wheelocity.wow_customer_pos.jpg scaled_1000187540.jpg,unclear_insufficient_info
-OY94IYUSXXyhbdAvnSY,Screenshot_20250821_061351.jpg,unclear_insufficient_info
-OY94fiQ_jh5_7OaYGrv,Screenshot_20250821-061530.jpg,unclear_insufficient_info
-OY94nN4JSpuZ3oooa1g,Screenshot_20250821_061609.jpg scaled_1000133887.jpg,unclear_insufficient_info
-OY958mP6Plj7oNnLFq7,app.work agala.bill submit agala sir Screenshot_2025-08-21-06-16-34-74_8c6ef806cec84a986bc714a6285db756.jpg scaled_1000003817.jpg,unclear_insufficient_info
-OY95IKN8BbmMS8R3bD3,Screenshot_20250821-061817.jpg,unclear_insufficient_info
-OY95MXWh8XnJJxdcA_w,Screenshot_2025-08-21-06-18-32-45_8c6ef806cec84a986bc714a6285db756.jpg,unclear_insufficient_info
-OY95SM4Twtvgyfw4By7,not working  Screenshot_2025-08-21-06-18-50-553_com.wheelocity.wow_customer_pos.jpg scaled_1001408837.jpg,unclear_insufficient_info
-OY961Q10nGcGG2-eF_f,rate  Screenshot_2025-08-21-06-21-23-60_8c6ef806cec84a986bc714a6285db756.jpg,unclear_insufficient_info
-OY96VjPlGBJMwLwdv-j,Screenshot_2025-08-21-06-23-31-26_8c6ef806cec84a986bc714a6285db756.jpg,unclear_insufficient_info
-OY96aun1_uPf4yyzK9h,sales not pushing Screenshot_2025-08-21-06-23-45-518_com.wheelocity.wow_customer_pos.jpg,unclear_insufficient_info
-OY96s7rYj22H6CS8CIV,Screenshot_20250821_062501.jpg,unclear_insufficient_info
-OY97JMbVrjfzgn4Zo4B,Screenshot_20250821_062702_WoW.jpg,unclear_insufficient_info
-OY97VoIRy_vK2ow7wRt,Screenshot_2025-08-21-06-27-52-27_8c6ef806cec84a986bc714a6285db756.jpg,unclear_insufficient_info
-OY97cISBVFPc0kTMk9w,Screenshot_2025-08-21-06-28-21-07_8c6ef806cec84a986bc714a6285db756.jpg,unclear_insufficient_info
-OY98Tul0b5wX2poNT80,Screenshot_20250821_063201.jpg scaled_1000058866.jpg,unclear_insufficient_info
-OY99szXvjkl18w_mxot,scaled_1000274108.jpg,unclear_insufficient_info
-OY9AKt5H1QACAUgAvlW,Screenshot_20250821_064018_WoW.jpg,unclear_insufficient_info
-OY9FLRNX0hkTMr3nVA_,Screenshot_20250821_070209.jpg,unclear_insufficient_info
-OY9N3zOSTm0ghvAN1Kf,Screenshot_2025-08-21-07-35-54-516_com.wheelocity.wow_customer_pos.jpg,unclear_insufficient_info
-OY9SL4vdEHjptUHTej0,all vegetable damege  Screenshot_2025-08-21-06-18-08-90.jpg scaled_IMG-20250821-WA0066.jpg,unclear_insufficient_info
-OY9vLE-CXD2Zvm6yhAw,scaled_1000023366.jpg,unclear_insufficient_info
-OYBDlPOJHnJRyYDXihu,app issue  Screenshot_2025-08-21-16-14-27-90_8c6ef806cec84a986bc714a6285db756.jpg,unclear_insufficient_info
-OYBIWNTMJCid7UqbEJz,Screenshot_2025-08-21-16-35-10-36_8c6ef806cec84a986bc714a6285db756.jpg,unclear_insufficient_info
-OYCEtTOvfKwuMKFKV3P,Screenshot_2025-08-21-20-58-54-465_com.wheelocity.wow_customer_pos.jpg,unclear_insufficient_info
-OYCQDix33ScKYBPb2BB,my earnings tab not working  Screenshot_2025-08-21-21-47-55-85_8c6ef806cec84a986bc714a6285db756.jpg scaled_1000032707.jpg,unclear_insufficient_info
-OYDv14xMJvPYoat8e49,Screenshot_20250822-044708.jpg,unclear_insufficient_info
-OYDzyqA1S0owfb9Gi8A,Screenshot_2025-08-22-05-08-51-18.jpg,unclear_insufficient_info
-OYE1TK2QJGEe-MT0RYS,Screenshot_20250822_051732.jpg scaled_1000138337.jpg,unclear_insufficient_info
-OYE49lZAAeWQ1eS3YAj,Screenshot_20250822_053129.jpg,unclear_insufficient_info
-OYE67fZ4Rf45rl0Yygc,morning double slot please check the issue and incentive pending  Screenshot_2025-08-22-05-39-26-619_com.wheelocity.wow_customer_pos.jpg,unclear_insufficient_info
-OYELu7rP96xKsJyR4lM,Screenshot_2025-08-22-06-48-59-33_8c6ef806cec84a986bc714a6285db756.jpg,unclear_insufficient_info
-OYEXn3on4nTTtL7hpf3,Screenshot_20250822_074014.jpg,unclear_insufficient_info
-OYEc4j7GR4FkNTPI61o,wow All veges hight prices please price change üôèüôèüôèüôè Screenshot_20250822_080327.jpg,unclear_insufficient_info
-OYEctpfko9IhJvm1JIM,Screenshot_2025-08-22-08-04-56-04_54063fc6848ac98a54ce5f2a63661433.jpg,unclear_insufficient_info
-OYEdxsNT4TdxbnLH2tQ,most of the FMCG wastage ü§ß Screenshot_2025_0822_081018.jpg,unclear_insufficient_info
-OYEm45mWQLErw3AOfg5,"I am sell 5557 coin ,
but amount in incest is low my incest amount 550 but this show only 500.so please my incest amount. please Screenshot_2025-08-22-08-45-02-015_com.wheelocity.wow_customer_pos.jpg",unclear_insufficient_info
-OYEn764MKN7GAiyW2ps,stock clossing problem  Screenshot_2025-08-22-08-51-10-46_8c6ef806cec84a986bc714a6285db756.jpg scaled_1000358629.jpg,unclear_insufficient_info
-OYF4x-zXaxV1HzJ9mE9,Screenshot_2025-08-22-10-14-30-91_8c6ef806cec84a986bc714a6285db756.jpg,unclear_insufficient_info
-OYGFFa85mq7bXpio_Tu,Screenshot_20250822_153907_WoW.jpg,unclear_insufficient_info
-OYHJrPurDSKW5Gh81QW,1 Screenshot_2025-08-22-20-38-51-35_8c6ef806cec84a986bc714a6285db756.jpg,unclear_insufficient_info
-OYHLk_3pCGGLflMYyIt,Screenshot_2025-08-22-20-47-14-05.jpg,unclear_insufficient_info
-OYHP-MUxkKJhUJNz6dV,Screenshot_20250822-210123.jpg,unclear_insufficient_info
-OYJ5gdmjc3IXTiCnclz,Screenshot_2025_0823_045609.jpg,unclear_insufficient_info
-OYJB_T2vbPw5bmLjhHV,app lag issu Screenshot_2025-08-23-05-21-32-723_com.wheelocity.wow_customer_pos.jpg,unclear_insufficient_info
-OYJFm5zlPx1X9fwo5P5,Screenshot_2025-08-23-05-40-11-86_8c6ef806cec84a986bc714a6285db756.jpg,unclear_insufficient_info
-OYJRV_eQSSv0C72WaTf,Screenshot_2025-08-23-06-31-34-17.jpg,unclear_insufficient_info
-OYJS4776OGuzPQi989-,a Screenshot_2025-08-23-06-34-04-07_8c6ef806cec84a986bc714a6285db756.jpg,unclear_insufficient_info
-OYJSCG9Io01GD2O0VX4,Screenshot_2025-08-23-06-34-38-643_com.miui.calculator.jpg,unclear_insufficient_info
-OYJTN_D7gkqag9qs8Jp,arakira praishe 13  scaled_1000091129.jpg,unclear_insufficient_info
-OYJTdVGO0gzVMdzH6dY,Screenshot_20250823_064049.jpg scaled_1000206994.jpg,unclear_insufficient_info
-OYJTv9XGTvBS8VD8RcX,Bluetooth device not connected  Screenshot_20250823_064204.jpg,unclear_insufficient_info
-OYJkPJJyCeYacTBCqce,Screenshot_2025-08-23-07-58-34-275_com.wheelocity.wow_customer_pos.jpg,unclear_insufficient_info
-OYJy7295W4vMWAi4MYF,Screenshot_2025-08-23-08-58-25-705_com.wheelocity.wow_customer_pos.jpg,unclear_insufficient_info
-OYKDw5gQXLlC9tgiNVE,scaled_19066.jpg,unclear_insufficient_info
-OYKFbuZ0_GxKwMxcExS,Screenshot_2025-08-23-10-19-13-68_8c6ef806cec84a986bc714a6285db756.jpg,unclear_insufficient_info
-OYL54lBqguc6rZ_3eRx,Screenshot_20250823_141244.jpg,unclear_insufficient_info
-OYLXUphpavZcn3UMbZE,Screenshot_2025-08-23-16-16-39-46_8c6ef806cec84a986bc714a6285db756.jpg,unclear_insufficient_info
-OYLXcK1q0etab3Gd42U,Screenshot_2025-08-23-16-17-22-79_8c6ef806cec84a986bc714a6285db756.jpg,unclear_insufficient_info
-OYLY6tVbZSDpRxQCNu6,today 23/08/2025 data not fou Screenshot_20250823_161831.jpg,unclear_insufficient_info
-OYLbij0RzPEhVnurC7V,error  Screenshot_20250823_163935.jpg,unclear_insufficient_info
-OYLkLcWZwJ_TEPp8WGO,Baghdad  Screenshot_20250823_171716.jpg,unclear_insufficient_info
-OYMW1WQVk_EIHcfSZj9,Screenshot_2025-08-23-20-50-07-626_com.wheelocity.wow_customer_pos.jpg,unclear_insufficient_info
-OYO8nuo9BbxdE60wVDX,Screenshot_2025-08-24-04-27-39-08.jpg,unclear_insufficient_info
-OYOGmtJEqhHgJQmGdhr,Screenshot_2025_0824_050248.jpg,unclear_insufficient_info
-OYOL6JfLrjwD3ScHtW8,hftvv Screenshot_2025-08-24-05-21-40-222_com.wheelocity.wow_customer_pos.jpg,unclear_insufficient_info
-OYONSPaq8UKma2K6klP,Screenshot_2025-08-24-05-31-50-01_8c6ef806cec84a986bc714a6285db756.jpg,unclear_insufficient_info
-OYOPydEnJ2cc_gNP8j5,Screenshot_2025-08-24-05-43-01-62_8c6ef806cec84a986bc714a6285db756.jpg,unclear_insufficient_info
-OYOVUkPDRyWVQHCjREW,Screenshot_2025-08-24-06-07-06-804_com.wheelocity.wow_customer_pos.jpg,unclear_insufficient_info
-OYOVu9h58GVJveFFhUF,Screenshot_2025-08-24-06-08-56-20_8c6ef806cec84a986bc714a6285db756.jpg,unclear_insufficient_info
-OYOaCEc6VR53zP9gHQg,Screenshot_2025-08-24-06-32-06-814_com.wheelocity.wow_customer_pos.jpg,unclear_insufficient_info
-OYOaakWGFOeIHzU22yL,Screenshot_2025-08-24-06-33-13-840_com.wheelocity.wow_customer_pos.jpg,unclear_insufficient_info
-OYObLc6gve2ulm9Bdds,helpe Screenshot_2025-08-24-06-36-57-50.jpg,unclear_insufficient_info
-OYOn1d9X0w8vg9RxV77,close error  Screenshot_2025-08-24-07-26-08-50_92460851df6f172a4592fca41cc2d2e6.jpg,unclear_insufficient_info
-OYOuctXf7mMy8WyeTje,scaled_1000071657.jpg,unclear_insufficient_info
-OYOzt1hg7QXwxrWSI5_,Screenshot_2025-08-24-08-24-19-327_com.wheelocity.wow_customer_pos.jpg,unclear_insufficient_info
-OYP5cHkUCB7J5QlJ0Wk,Screenshot_20250824_085344.jpg,unclear_insufficient_info
-OYP65gK5GE7thQTHzk_,Screenshot_2025-08-24-08-55-44-02_8c6ef806cec84a986bc714a6285db756.jpg,unclear_insufficient_info
-OYPEb30FStxmpSyP1Pe,Screenshot_20250824_093259.jpg,unclear_insufficient_info
-OYPLRM4qHyRbYfF91p5,Screenshot_2025_0824_100248.jpg,unclear_insufficient_info
-OYPZnxAaOuhKt4E8_fj,Screenshot_2025-08-24-11-05-23-09_8c6ef806cec84a986bc714a6285db756.jpg scaled_1000809393.jpg,unclear_insufficient_info
-OYPbikWfQSuuECb0e9O,‡ÆÆ‡Ææ‡Æ§‡ØÅ‡Æ≥‡Øà ‡Æ™‡Æø‡Æ≤‡Øç ‡Æ™‡Øã‡Æü option ‡Æá‡Æ≤‡Øç‡Æ≤‡Øà Screenshot_2025-08-24-11-17-58-11.jpg,unclear_insufficient_info
-OYReU0nywyUrkQ3r8TE,Screenshot_2025-08-24-20-49-37-67_8c6ef806cec84a986bc714a6285db756.jpg,unclear_insufficient_info
-OYRjAKwGtGqH6QUlRFR,Screenshot_2025-08-24-20-57-07-422_com.wheelocity.wow_customer_pos.jpg,unclear_insufficient_info
-OYRk-P0agEjU2kOU7jT,Screenshot_2025-08-24-21-13-39-82_8c6ef806cec84a986bc714a6285db756.jpg,unclear_insufficient_info
-OYTPKYGQk11GCzjXyJ_,bringal too worst quality please change it different bringal  Screenshot_20250825_045638.jpg scaled_1000019781.jpg,unclear_insufficient_info
-OYTS2YZ17cgLMicWfgA,Screenshot_20250825_051010.jpg,unclear_insufficient_info
-OYTgj92iypRAZgDXJCJ,bill as  a i have one bill same duple bill rottine Screenshot_20250825-061444.jpg scaled_1000364775.jpg,unclear_insufficient_info
-OYTjy2EZzyxJUXiBFcw,Screenshot_2025-08-25-06-32-50-145_com.wheelocity.wow_customer_pos.jpg,unclear_insufficient_info
-OYTzPHnyjGX4l-y8Q2Y,Screenshot_20250825-073201.png,unclear_insufficient_info
-OYU4_RvACqrba709jFt,Screenshot_20250825-080715.jpg,unclear_insufficient_info
-OYUm62X4Uera8acSrfC,Screenshot_2025_0825_112145.jpg,unclear_insufficient_info
-OYVq9IGO6PKMqsS2Dta,Screenshot_20250825_161904_WoW.jpg,unclear_insufficient_info
-OYX-pB7dum-jWlFW0Zz,didn't still now received in incentive  Screenshot_20250825-214403.png,unclear_insufficient_info
-OYY_brXewb9jcMNOHRZ,Screenshot_2025-08-26-05-03-33-67_f40a83f504dccd7f68fe1f6e8cd8ec9a.jpg,unclear_insufficient_info
-OYYzSjrvbQzSlykKqV4,please don't disturb  scaled_1000253881.jpg,unclear_insufficient_info
-OYZLoDqS5LzK5ZFopZx,Screenshot_20250826_083754.jpg,unclear_insufficient_info
-OYZVy0if-PDPgU-FoOU,Screenshot_2025_0826_092454.jpg,unclear_insufficient_info
-OYZu_CVtDlm7cnEz898,Screenshot_2025_0826_111655.jpg,unclear_insufficient_info
-OY_nhh0CtM0jiD3kayU,No scaled_1000178844.jpg,unclear_insufficient_info
-OYaOhHxV-CeXxQZe__z,"yes not bjp working 
 Screenshot_20250826_181205.jpg",unclear_insufficient_info
-OYctLASgxZ-zO3YCXoY,risive problem  Screenshot_20250827_054933.jpg scaled_1000060361.jpg,unclear_insufficient_info
-OYdOyArmooMBVQ1dKqI,‡Æé‡Æ≤‡Øç‡Æ≤‡Ææ‡ÆÆ‡Øç ‡Æµ‡Æø‡Æ≤‡Øà ‡ÆÖ‡Æ§‡Æø‡Æï‡ÆÆ‡Øç ‡ÆÆ‡Ææ‡Æ±‡Øç‡Æ±‡Æø kodukkavu Screenshot_20250827_081154.jpg,unclear_insufficient_info
-OYdmHv7tmjbdefafteL,all vegetables waste quality  scaled_Screenshot_2025-08-27-08-57-02-98.jpg,unclear_insufficient_info
-OYdt6fOFXD84c9D2_ym,Screenshot_2025_0827_102834.jpg,unclear_insufficient_info
-OYfHDAVsE81l-rjaVQx,Screenshot_20250827-165753.jpg,unclear_insufficient_info
-OYfK7hwlpIH063zgc7v,Screenshot_20250827_171037.jpg,unclear_insufficient_info
-OYhoIBHd9_O9My1vwtW,Screenshot_2025_0828_044550.jpg,unclear_insufficient_info
-OYi0hEGTiUh0_hNzOEl,Screenshot_2025-08-28-04-30-39-53.jpg,unclear_insufficient_info
-OYiatMmPei_rYQzo4rO,rate card version not found Screenshot_2025-08-28-08-26-41-888_com.wheelocity.wow_customer_pos.jpg scaled_1000922313.jpg,unclear_insufficient_info
-OYibrYnTqwjbf9z8pmX,again again coming the confirm bill can't take  Screenshot_2025-08-28-08-29-09-94_8c6ef806cec84a986bc714a6285db756.jpg,unclear_insufficient_info
-OYj1OdNol6npYNp0yoq,Screenshot_20250828_102717.jpg,unclear_insufficient_info
-OYj2IMYMnPqT3Wgxxck,Screenshot_2025-08-27-16-51-52-20.jpg,unclear_insufficient_info
-OYjA-Rl_WLNLxJwu8Zh,Screenshot_20250828_110449.jpg,unclear_insufficient_info
-OYlC6dkxySAZCVvkUs_,Screenshot_2025-08-28-20-33-15-87_8c6ef806cec84a986bc714a6285db756.jpg,unclear_insufficient_info
-OYnE4J9JYgToyC98lRe,Screenshot_2025-08-29-06-01-04-656_com.wheelocity.wow_customer_pos.jpg,unclear_insufficient_info
-OYnYOdWFlwIT_jegml6,1 extra bill Screenshot_2025-08-29-07-29-29-029_com.wheelocity.wow_customer_pos.jpg scaled_1000175330.jpg scaled_1000175329.jpg,unclear_insufficient_info
-OYnhbxHtyBbt0bKcDzz,Screenshot_2025-08-29-08-14-33-131_com.wheelocity.wow_customer_pos.jpg,unclear_insufficient_info
-OYnr5m5PHyTNqqMT4vF,Screenshot_2025-08-29-08-56-00-905_com.wheelocity.wow_customer_pos.jpg,unclear_insufficient_info
-OYo0pJvtQv_2BVF1CRo,Screenshot_2025_0829_094255.jpg,unclear_insufficient_info
-OYs2-xItoPeuSQBuvSr,Not  Screenshot_2025-08-30-04-26-27-33_8c6ef806cec84a986bc714a6285db756.jpg,unclear_insufficient_info
-OYsOaLeDzvmiKuAwlQ5,Screenshot_2025-08-30-06-05-08-08_8c6ef806cec84a986bc714a6285db756.jpg,unclear_insufficient_info
-OYsbgRyY8Dy6mvUv69-,again again pop come scaled_1000305940.jpg,unclear_insufficient_info
-OYtBXK1sOsbJC0l12oT,Screenshot_20250830_094748.jpg,unclear_insufficient_info
-OYtMaTq2Wo1GwOQd1sT,Screenshot_2025-08-30-10-36-07-34_8c6ef806cec84a986bc714a6285db756.jpg,unclear_insufficient_info
-OYu_XVe7mVh3ScprPtv,Screenshot_2025-08-30-16-16-36-61_8c6ef806cec84a986bc714a6285db756.jpg,unclear_insufficient_info
-OYu_fTKYK27hCmHtlvH,Screenshot_2025-08-30-16-17-14-98_8c6ef806cec84a986bc714a6285db756.jpg,unclear_insufficient_info
-OYxFmfe9OfgUAdLHm8J,Screenshot_2025-08-31-04-44-42-804_com.wheelocity.wow_customer_pos.jpg,unclear_insufficient_info
-OYxaqI5ca83swlIYhsm,Screenshot_2025-08-31-06-20-58-53_8c6ef806cec84a986bc714a6285db756.jpg,unclear_insufficient_info
-OYxcrr46uoajQG4OHhL,Screenshot_2025-08-31-06-17-00-061_com.miui.calculator.jpg,unclear_insufficient_info
-OYxx1kdoq-szTqlbwNq,Screenshot_20250831_075811.jpg,unclear_insufficient_info
-OYyMAYCDRTO69xy6N3c,Screenshot_2025-08-31-09-52-17-068_com.wheelocity.wow_customer_pos.jpg,unclear_insufficient_info
-OYyXVzx6tcSQ7Iu3mwE,Screenshot_2025-08-31-10-41-49-433_com.wheelocity.wow_customer_pos.jpg,unclear_insufficient_info
-OYyZ08Jnn7KjXyhAYuw,Screenshot_2025_0831_104829.jpg,unclear_insufficient_info
-OZ-BqjAXyHrT5J1fBH0,Screenshot_2025-08-31-18-26-30-228_com.wheelocity.wow_customer_pos.jpg,unclear_insufficient_info
-OZ-dLGSxb8GRMI4d2NX,,unclear_insufficient_info
-OZ1YTCzYceR1oD7EuGE,Screenshot_20250901-052427.png,unclear_insufficient_info
-OZ1diQHv0zuesxW5GUE,Screenshot_2025-09-01-05-51-48-22.jpg,unclear_insufficient_info
-OZ1r9n0CZDqzB0ud62L,Screenshot_2025-09-01-06-49-22-127_com.android.incallui.jpg,unclear_insufficient_info
-OZ2lfDFqI8feQaH6pKS,Screenshot_2025_0901_110614.jpg,unclear_insufficient_info
-OZ6b68DqgZtHCyXDWdC,Screenshot_20250902-045051.png,unclear_insufficient_info
-OZ6dGzf0BZA6sfI038T,Screenshot_2025_0902_050747.jpg,unclear_insufficient_info
-OZ6gG9UcPumARlQUBtL,all vegetables are different weight 10 to 20 grams. bitter guard weight lose 20 grams. Screenshot_20250902-051923.WoW.png scaled_1000252181.png,unclear_insufficient_info
-OZ6q7fIFKbmgqdnQ_-r,Screenshot_2025-09-02-06-04-08-34_8c6ef806cec84a986bc714a6285db756.jpg,unclear_insufficient_info
-OZ6uW7SzBp2JwVZ6gi8,Screenshot_20250902-062318.WoW.png,unclear_insufficient_info
-OZ7tXwuJl_31x81JIyf,scaled_1000069380.jpg,unclear_insufficient_info
-OZBuMt7EwfRYvW8RJw4,stop the notification,unclear_insufficient_info
-OZBubLO2QfjLXa0Kmd6,Screenshot_20250903_054149.jpg scaled_1000519159.jpg,unclear_insufficient_info
-OZC1jBTozThm-_7j4_K,Screenshot_2025-09-03-06-17-13-73_8c6ef806cec84a986bc714a6285db756.jpg,unclear_insufficient_info
-OZC7US8BT12X_0UgY9q,bill not submitted  Screenshot_2025-09-03-06-41-57-72_8c6ef806cec84a986bc714a6285db756.jpg scaled_8190.jpg,unclear_insufficient_info
-OZD-3BYm6oHd_b-FRIY,Screenshot_2025_0903_104519.jpg,unclear_insufficient_info
-OZEoM_Ly8RROIhdWLCs,no coin showed Screenshot_2025-09-03-19-13-14-29_8c6ef806cec84a986bc714a6285db756.jpg,unclear_insufficient_info
-OZExl2cw0OiqDn4f3Ft,very good  Screenshot_2025-09-03-19-54-06-83_8c6ef806cec84a986bc714a6285db756.jpg,unclear_insufficient_info
-OZHRX7yZXpNAd1BO2DY,Screenshot_20250904_072806.jpg,unclear_insufficient_info
-OZI92DusuOsR0swL5X_,Screenshot_2025_0904_104703.jpg,unclear_insufficient_info
-OZM3dfd0xQppKcEk9LJ,Screenshot_2025-09-05-05-01-51-30_8c6ef806cec84a986bc714a6285db756.jpg,unclear_insufficient_info
-OZM5SlGyOXIDB97LRGQ,Screenshot_20250905-050944.png,unclear_insufficient_info
-OZM7SJ4xd2tKfGj6Rv2,bitter guard ‡ÆÆ‡ØÇ‡Æ§‡Øç‡Æ§‡Æø ‡Æâ‡Æ≥‡Øç‡Æ≥‡Æ§‡ØÅ  Screenshot_2025_0905_051734.jpg,unclear_insufficient_info
-OZMONm69iOM7S0c6Rrv,Screenshot_25680905_063227.jpg,unclear_insufficient_info
-OZMQhBhu5Yoz-Y6o2Hb,bill not delivered  Screenshot_2025-09-05-06-41-24-41_8c6ef806cec84a986bc714a6285db756.jpg,unclear_insufficient_info
-OZMdvRyNwzxlNcvrq82,,unclear_insufficient_info
-OZMeaIshv293dJ3pgvs,‡Æµ‡ØÜ‡Æú‡Øç ‡Æö‡Æ∞‡Æø‡ÆØ‡Æø‡ÆØ‡Æø‡Æ≤‡Øç‡Æ≤ ‡Æ™‡Øç‡Æ∞‡Øã  Screenshot_2025-09-05-07-45-06-01_21e8cabcf42c673ec340bb67ba55b55b.jpg,unclear_insufficient_info
-OZRGDCHuKkelb_lqVoP,Screenshot_20250906-051440.png,unclear_insufficient_info
-OZROl8dcYApyc2zLRfY,Screenshot_2025-09-06-05-52-11-58_8c6ef806cec84a986bc714a6285db756.jpg,unclear_insufficient_info
-OZRVd6uv-kjMacBvyFe,Screenshot_20250906_062213.jpg scaled_1000214645.jpg,unclear_insufficient_info
-OZRVlBLLNl__vHpply1,rate card not found Screenshot_2025-09-06-06-22-40-725_com.wheelocity.wow_customer_pos.jpg,unclear_insufficient_info
-OZRfKV5tjr8F7jnqrH0,hzhs Screenshot_20250906-070856.jpg,unclear_insufficient_info
-OZS2zA77Qxej4OmuPVB,ennoda choice not working Screenshot_2025-09-06-08-56-35-730_com.wheelocity.wow_customer_pos.jpg,unclear_insufficient_info
-OZSVWuJDeHeUY3cE_w4,Screenshot_2025_0906_110123.jpg,unclear_insufficient_info
-OZSVwIo-WYENwdm6L1F,Screenshot_20250906_110311.jpg,unclear_insufficient_info
-OZU8Y75VBOOZfRSqdhs,Screenshot_2025-09-06-18-39-57-38_8c6ef806cec84a986bc714a6285db756.jpg,unclear_insufficient_info
-OZWRu7NFS1fZv5pEFwb,Screenshot_2025-09-07-05-24-04-80_8c6ef806cec84a986bc714a6285db756.jpg,unclear_insufficient_info
-OZWeqkdEs-0SsjSAVoU,hj scaled_1000297932.jpg,unclear_insufficient_info
-OZWld6TQZUasEro3yf1,Screenshot_20250907-065435.jpg,unclear_insufficient_info
-OZX9rdPkcno-oMVA9ah,Screenshot_2025-09-07-08-44-40-910_com.wheelocity.wow_customer_pos.jpg,unclear_insufficient_info
-OZXEzW8DxQCMdtGC39u,Screenshot_2025-09-07-09-06-53-961_com.wheelocity.wow_customer_pos.jpg,unclear_insufficient_info
-OZXFd5zR_27UdlNZwAJ,Screenshot_2025-09-07-09-10-05-488_com.wheelocity.wow_customer_pos.jpg,unclear_insufficient_info
-OZXMEnO9tt643PXIXbd,Screenshot_20250903_074302.jpg,unclear_insufficient_info
-OZZybMRuZZT1j09h8ED,Screenshot_2025-09-07-21-50-05-59_8c6ef806cec84a986bc714a6285db756.jpg,unclear_insufficient_info
-OZb3Orn87mG0KHWlpRU,sir auto receive supply ok  Screenshot_20250908-073331.jpg,unclear_insufficient_info
-OZb6_pPfBCRxLr5jQIb,,unclear_insufficient_info
-OZbG5vkBgjnkp3eRYFj,Screenshot_20250908_083014.jpg,unclear_insufficient_info
-OZbJALv-v1GtayM0gyc,sale not assigned  Screenshot_20250908_084316.jpg,unclear_insufficient_info
-OZbXB9wT1EkP6IheMrK,Screenshot_20250908-094456.jpg,unclear_insufficient_info
-OZfhuhul33hLhq5LEji,Screenshot_2025-09-09-05-14-27-328_com.wheelocity.wow_customer_pos.jpg,unclear_insufficient_info
-OZfrJDUhOJbOYLRpvCJ,Screenshot_2025-09-09-05-55-35-773_com.wheelocity.wow_customer_pos.jpg scaled_1000289537.jpg,unclear_insufficient_info
-OZfrqxAFqv0mHfZCT1F,bill submit not working  Screenshot_2025-09-09-05-57-47-37_8c6ef806cec84a986bc714a6285db756.jpg,unclear_insufficient_info
-OZfrvuObTScBWtZCUzg,Screenshot_20250909-055814.jpg,unclear_insufficient_info
-OZfrwelWPbtZNH_CgOL,Screenshot_20250909_055820.jpg,unclear_insufficient_info
-OZfsa_vuzTynOl6mqvq,Screenshot_2025-09-09-06-01-12-389_com.wheelocity.wow_customer_pos.jpg,unclear_insufficient_info
-OZfsxQY4jDGj094SgRb,rate card not found bug please slove  Screenshot_2025-09-09-06-02-33-98_8c6ef806cec84a986bc714a6285db756.jpg,unclear_insufficient_info
-OZfuVNVlFi1XAn_p_hB,Screenshot_2025-09-09-06-09-31-018_com.wheelocity.wow_customer_pos.jpg,unclear_insufficient_info
-OZfwSh0VjVG92IxUhGi,Screenshot_2025-09-09-06-18-03-98_8c6ef806cec84a986bc714a6285db756.jpg scaled_1000211052.jpg,unclear_insufficient_info
-OZfwhoSChpP3VmGKR__,Screenshot_2025-09-09-06-19-01-428_com.wheelocity.wow_customer_pos.jpg,unclear_insufficient_info
-OZfwx_4k99hz9Eo1KC1,Screenshot_20250909_062020.jpg,unclear_insufficient_info
-OZfxc08tCxxNPmRZe5z,,unclear_insufficient_info
-OZfyP1ZMagirLr5Q-Mu,,unclear_insufficient_info
-OZfyaHdFy-lpMQbSCgF,Screenshot_20250909_062727.jpg,unclear_insufficient_info
-OZfyb5_rTtIR05Wy_nB,Screenshot_20250909_062731.jpg,unclear_insufficient_info
-OZgESdUAKHaHKKfYCSL,Screenshot_20250909_074110.jpg,unclear_insufficient_info
-OZgEbUBNPdmIahlEM_z,Screenshot_2025-09-09-07-41-48-44_8c6ef806cec84a986bc714a6285db756.jpg,unclear_insufficient_info
-OZgiDPSM4A91N6BavJi,Screenshot_2025-09-09-09-55-13-684_com.wheelocity.wow_customer_pos.jpg,unclear_insufficient_info
-OZgidD40LzrwH_RnkjA,Screenshot_2025-09-09-09-57-18-56_8c6ef806cec84a986bc714a6285db756.jpg,unclear_insufficient_info
-OZglGXRcKOfpWjdiEP0,Screenshot_2025-09-09-10-08-46-23_8c6ef806cec84a986bc714a6285db756.jpg,unclear_insufficient_info
-OZgm9kmtfHvIVpNYLZj,Screenshot_2025-09-09-10-12-43-75_8c6ef806cec84a986bc714a6285db756.jpg,unclear_insufficient_info
-OZgxewJlRZ8MaR_BZ65,Screenshot_20250909_110304.jpg,unclear_insufficient_info
-OZh7ZPpXjIA6M_jujyi,Screenshot_2025-09-09-11-50-39-58_8c6ef806cec84a986bc714a6285db756.jpg,unclear_insufficient_info
-OZi0dcHuUlcTG2qFBmk,Screenshot_20250909_160002.jpg,unclear_insufficient_info
-OZiPUds8thKFl7n-HjN,Screenshot_2025-09-09-17-48-35-80_8c6ef806cec84a986bc714a6285db756.jpg,unclear_insufficient_info
-OZkuk4su8W44gdoPQif,Screenshot_20250910_052801.jpg scaled_1000140668.jpg,unclear_insufficient_info
-OZl-wlLrhKd1BBBBouS,net issue Screenshot_2025-09-10-05-55-44-81_8c6ef806cec84a986bc714a6285db756.jpg,unclear_insufficient_info
-OZl4JGqzxFGGckrc5iX,Screenshot_2025-09-10-06-14-52-09_8c6ef806cec84a986bc714a6285db756.jpg,unclear_insufficient_info
-OZl7e2JXNDwzJv6bFaf,Screenshot_20250910_062930.jpg,unclear_insufficient_info
-OZlSWSzG-pL68Qc6E-A,Screenshot_20250910_080029.jpg,unclear_insufficient_info
-OZlTqWuB6qg3iDs05jm,Screenshot_20250910_080628.jpg,unclear_insufficient_info
-OZlw5hl-DGqOcrljQS3,nsj Screenshot_2025_0910_101229.jpg,unclear_insufficient_info
-OZlycRKQK24yu8w9zMP,hdud Screenshot_2025-09-10-10-25-15-18_8c6ef806cec84a986bc714a6285db756.jpg,unclear_insufficient_info
-OZps-e1kBCb7lOHUPR6,Screenshot_20250911_043441.jpg,unclear_insufficient_info
-OZq8dEHADJqZh3_2xka,Screenshot_2025-09-11-05-51-55-640_com.wheelocity.wow_customer_pos.jpg,unclear_insufficient_info
-OZqqy4zeTRuoaOA7271,Screenshot_2025-09-11-09-10-01-843_com.wheelocity.wow_customer_pos.jpg,unclear_insufficient_info
-OZr896CS4IBOf0M0uSh,IMG_20250911_101054.jpg,unclear_insufficient_info
-OZrD2JzuvFb4DtUsa3d,Screenshot_2025-09-11-10-50-51-086_com.wheelocity.wow_customer_pos.jpg,unclear_insufficient_info
-O_-kpaqzMo_-t2EVpVP,Screenshot_20250913_071919.jpg,unclear_insufficient_info
-O_07zpgquEwe7y-a9Pa,Screenshot_2025-09-13-09-02-48-20_8c6ef806cec84a986bc714a6285db756.jpg scaled_1000212518.jpg,unclear_insufficient_info
-O_0G0g0zq0BmlenmxYE,Screenshot_2025-09-13-09-39-56-468_com.wheelocity.wow_customer_pos.jpg,unclear_insufficient_info
-O_5-A_kqmJwku68U14z,Screenshot_2025-09-14-07-44-27-100_com.wheelocity.wow_customer_pos.jpg,unclear_insufficient_info
-O_FwFrHu1yXjeOlO1k0,Screenshot_2025-09-16-10-43-16-37_8c6ef806cec84a986bc714a6285db756.jpg,unclear_insufficient_info
-O_Giedq1U96nex6GYC-,Screenshot_20250916_142326.jpg,unclear_insufficient_info
